[{"name":"adidas Harden Vol. 3 Marvel Iron Man","style":"EF2397","shoeTimeUrl":"https://thesolesupplier.co.uk/release-dates-filtered/?search_key=EF2397","retailPrice":"115.32","releaseDate":"2019-04-26","imageUrl":"https://stockx.imgix.net/adidas-Harden-Vol-3-Marvel-Iron-Man.png?fit=fill&bg=FFFFFF&w=700&h=500&auto=format,compress&q=90&dpr=2&trim=color&updated_at=1555382698","sizes":[{"size":"13","price":232},{"size":"12.5","price":194},{"size":"11.5","price":186},{"size":"14","price":186},{"size":"12","price":171},{"size":"8","price":143},{"size":"8.5","price":143},{"size":"9","price":143},{"size":"9.5","price":143},{"size":"10","price":143},{"size":"10.5","price":143},{"size":"11","price":143}],"soldAmount":"6","soldAvgPrice":"154.00","currentResellAvgPrice":"164.17","soldAvgProfit":"38.68","currentResellAvgProfit":48.849999999999994,"avgProfitCombined":"38.68"},{"name":"adidas Dame 5 Marvel Black Panther","style":"EF2259","shoeTimeUrl":"https://thesolesupplier.co.uk/release-dates-filtered/?search_key=EF2259","retailPrice":"96.10","releaseDate":"2019-04-26","imageUrl":"https://stockx.imgix.net/adidas-Dame-5-Marvel-Black-Panther.png?fit=fill&bg=FFFFFF&w=700&h=500&auto=format,compress&q=90&dpr=2&trim=color&updated_at=1555728579","sizes":[{"size":"11.5","price":171},{"size":"12","price":171},{"size":"13","price":163},{"size":"11","price":140},{"size":"10.5","price":132},{"size":"10","price":128},{"size":"8","price":124},{"size":"8.5","price":124},{"size":"9","price":124},{"size":"9.5","price":124}],"soldAmount":"3","soldAvgPrice":"137.00","currentResellAvgPrice":"140.10","soldAvgProfit":"40.90","currentResellAvgProfit":44,"avgProfitCombined":"40.90"},{"name":"adidas Nizza Donald Glover Off White","style":"EG1761","shoeTimeUrl":"https://thesolesupplier.co.uk/release-dates-filtered/?search_key=EG1761","retailPrice":"61.50","releaseDate":"2019-04-26","imageUrl":"https://stockx.imgix.net/adidas-Nizza-Donald-Glover-Off-White.png?fit=fill&bg=FFFFFF&w=700&h=500&auto=format,compress&q=90&dpr=2&trim=color&updated_at=1555700053","sizes":[{"size":"9","price":464},{"size":"8.5","price":433},{"size":"9.5","price":310}],"soldAmount":"2","soldAvgPrice":"290.00","currentResellAvgPrice":"402.33","soldAvgProfit":"228.50","currentResellAvgProfit":340.83,"avgProfitCombined":"228.50"},{"name":"adidas Harden Vol. 3 Marvel Iron Man (GS)","style":"TBD","shoeTimeUrl":"TBD","retailPrice":"84.57","releaseDate":"2019-04-26","imageUrl":"https://stockx-assets.imgix.net/media/New-Product-Placeholder-Default.jpg?fit=fill&bg=FFFFFF&w=700&h=500&auto=format,compress&q=90&dpr=2&trim=color&updated_at=false","sizes":[{"size":"4Y","price":155},{"size":"5Y","price":155},{"size":"6Y","price":155},{"size":"6.5Y","price":155},{"size":"7Y","price":155}],"soldAmount":0,"soldAvgPrice":0,"currentResellAvgPrice":"155.00","soldAvgProfit":"0.00","currentResellAvgProfit":70.43,"avgProfitCombined":"70.43"},{"name":"adidas Tmac 1 Marvel Nick Fury","style":"EF2399","shoeTimeUrl":"https://thesolesupplier.co.uk/release-dates-filtered/?search_key=EF2399","retailPrice":"99.94","releaseDate":"2019-04-26","imageUrl":"https://stockx.imgix.net/adidas-Tmac-1-Marvel-Nick-Fury.png?fit=fill&bg=FFFFFF&w=700&h=500&auto=format,compress&q=90&dpr=2&trim=color&updated_at=1555728538","sizes":[{"size":"10","price":194},{"size":"12","price":171},{"size":"10.5","price":167},{"size":"9.5","price":163}],"soldAmount":0,"soldAvgPrice":0,"currentResellAvgPrice":"173.75","soldAvgProfit":"0.00","currentResellAvgProfit":73.81,"avgProfitCombined":"73.81"},{"name":"adidas Marquee Boost Mid Marvel Thor","style":"EF2258","shoeTimeUrl":"https://thesolesupplier.co.uk/release-dates-filtered/?search_key=EF2258","retailPrice":"115.32","releaseDate":"2019-04-26","imageUrl":"https://stockx.imgix.net/adidas-Marquee-Boost-Mid-Marvel-Thor.png?fit=fill&bg=FFFFFF&w=700&h=500&auto=format,compress&q=90&dpr=2&trim=color&updated_at=1555993730","sizes":[{"size":"10","price":174}],"soldAmount":0,"soldAvgPrice":0,"currentResellAvgPrice":"174.00","soldAvgProfit":"0.00","currentResellAvgProfit":58.68000000000001,"avgProfitCombined":"58.68"},{"name":"adidas N3xt L3v3l Marvel Captain America","style":"EF2257","shoeTimeUrl":"https://thesolesupplier.co.uk/release-dates-filtered/?search_key=EF2257","retailPrice":"138.38","releaseDate":"2019-04-26","imageUrl":"https://stockx.imgix.net/adidas-N3xt-L3v3l-Marvel-Captain-America.png?fit=fill&bg=FFFFFF&w=700&h=500&auto=format,compress&q=90&dpr=2&trim=color&updated_at=1555728689","sizes":[{"size":"12","price":217},{"size":"13","price":217},{"size":"14","price":217},{"size":"9","price":213},{"size":"11.5","price":201},{"size":"9.5","price":198},{"size":"10","price":194},{"size":"11","price":194},{"size":"10.5","price":186}],"soldAmount":0,"soldAvgPrice":0,"currentResellAvgPrice":"204.11","soldAvgProfit":"0.00","currentResellAvgProfit":65.73000000000002,"avgProfitCombined":"65.73"},{"name":"adidas Lacombe Donald Glover Off White","style":"EG1763","shoeTimeUrl":"https://thesolesupplier.co.uk/release-dates-filtered/?search_key=EG1763","retailPrice":"69.19","releaseDate":"2019-04-26","imageUrl":"https://stockx.imgix.net/adidas-Lacombe-Donald-Glover-Off-White.png?fit=fill&bg=FFFFFF&w=700&h=500&auto=format,compress&q=90&dpr=2&trim=color&updated_at=1555700051","sizes":[{"size":"12","price":271}],"soldAmount":0,"soldAvgPrice":0,"currentResellAvgPrice":"271.00","soldAvgProfit":"0.00","currentResellAvgProfit":201.81,"avgProfitCombined":"201.81"},{"name":"adidas Continental 80 Donald Glover Off White","style":"EG1760","shoeTimeUrl":"https://thesolesupplier.co.uk/release-dates-filtered/?search_key=EG1760","retailPrice":"76.88","releaseDate":"2019-04-26","imageUrl":"https://stockx.imgix.net/adidas-Continental-80-Donald-Glover-Off-White.png?fit=fill&bg=FFFFFF&w=700&h=500&auto=format,compress&q=90&dpr=2&trim=color&updated_at=1555700056","sizes":[{"size":"11","price":1933},{"size":"12","price":387}],"soldAmount":0,"soldAvgPrice":0,"currentResellAvgPrice":"1160.00","soldAvgProfit":"0.00","currentResellAvgProfit":1083.12,"avgProfitCombined":"1083.12"},{"name":"adidas Yeezy Boost 700 Analog","style":"EG7596","shoeTimeUrl":"https://thesolesupplier.co.uk/release-dates-filtered/?search_key=EG7596","retailPrice":"230.64","releaseDate":"2019-04-27","imageUrl":"https://stockx-360.imgix.net/Adidas-Yeezy-Boost-700-Analog/Images/Adidas-Yeezy-Boost-700-Analog/Lv2/img01.jpg?auto=format,compress&w=559&q=90&dpr=2&updated_at=1554843625","sizes":[{"size":"4","price":343},{"size":"12.5","price":339},{"size":"4.5","price":310},{"size":"14","price":306},{"size":"5","price":286},{"size":"6","price":279},{"size":"6.5","price":279},{"size":"11.5","price":279},{"size":"5.5","price":271},{"size":"7","price":266},{"size":"9.5","price":256},{"size":"7.5","price":250},{"size":"8.5","price":250},{"size":"9","price":250},{"size":"11","price":250},{"size":"13","price":248},{"size":"10","price":243},{"size":"10.5","price":240},{"size":"8","price":232},{"size":"12","price":232}],"soldAmount":"214","soldAvgPrice":"262.00","currentResellAvgPrice":"270.45","soldAvgProfit":"31.36","currentResellAvgProfit":39.81,"avgProfitCombined":"31.36"},{"name":"adidas Torsion Stan Smith Raf Simons White Black Grey","style":"EE7953","shoeTimeUrl":"https://thesolesupplier.co.uk/release-dates-filtered/?search_key=EE7953","retailPrice":"215.26","releaseDate":"2019-05-08","imageUrl":"https://stockx.imgix.net/adidas-Torsion-Stan-Smith-Raf-Simons-White-Black-Grey.png?fit=fill&bg=FFFFFF&w=700&h=500&auto=format,compress&q=90&dpr=2&trim=color&updated_at=1554861308","sizes":[{"size":"4","price":380},{"size":"4.5","price":350},{"size":"5","price":350},{"size":"5.5","price":350},{"size":"6","price":350},{"size":"6.5","price":350},{"size":"7","price":350},{"size":"12.5","price":350},{"size":"7.5","price":333},{"size":"8","price":221},{"size":"9.5","price":221},{"size":"10.5","price":221},{"size":"11","price":221},{"size":"9","price":217},{"size":"8.5","price":209},{"size":"12","price":208},{"size":"10","price":194},{"size":"11.5","price":194}],"soldAmount":"6","soldAvgPrice":"214.00","currentResellAvgPrice":"281.61","soldAvgProfit":"-1.26","currentResellAvgProfit":66.35000000000002,"avgProfitCombined":"-1.26"},{"name":"adidas Yeezy Boost 350 V2 Black","style":"FU9161","shoeTimeUrl":"https://thesolesupplier.co.uk/release-dates-filtered/?search_key=FU9161","retailPrice":"169.13","releaseDate":"2019-06-22","imageUrl":"https://stockx-assets.imgix.net/media/New-Product-Placeholder-Default.jpg?fit=fill&bg=FFFFFF&w=700&h=500&auto=format,compress&q=90&dpr=2&trim=color&updated_at=false","sizes":[{"size":"10","price":25000},{"size":"9.5","price":9662},{"size":"11.5","price":7730}],"soldAmount":0,"soldAvgPrice":0,"currentResellAvgPrice":"14130.67","soldAvgProfit":"0.00","currentResellAvgProfit":13961.54,"avgProfitCombined":"13961.54"},{"name":"Jordan 1 Retro High Pale Ivory (W)","style":"AH7389-101","shoeTimeUrl":"https://thesolesupplier.co.uk/release-dates-filtered/?search_key=AH7389-101","retailPrice":"111.47","releaseDate":"2019-05-01","imageUrl":"https://stockx.imgix.net/Air-Jordan-1-Retro-High-Pale-Ivory-W.png?fit=fill&bg=FFFFFF&w=700&h=500&auto=format,compress&q=90&dpr=2&trim=color&updated_at=1554949732","sizes":[{"size":"12W","price":57555},{"size":"11.5W","price":5756},{"size":"11W","price":4029},{"size":"10W","price":2878},{"size":"8.5W","price":1160},{"size":"7.5W","price":1152},{"size":"9W","price":503},{"size":"9.5W","price":464}],"soldAmount":0,"soldAvgPrice":0,"currentResellAvgPrice":"9187.13","soldAvgProfit":"0.00","currentResellAvgProfit":9075.66,"avgProfitCombined":"9075.66"},{"name":"Jordan 1 Retro High Travis Scott","style":"CD4487-100","shoeTimeUrl":"https://thesolesupplier.co.uk/release-dates-filtered/?search_key=CD4487-100","retailPrice":"134.54","releaseDate":"2019-05-03","imageUrl":"https://stockx-360.imgix.net/Air-Jordan-1-Retro-High-Travis-Scott/Images/Air-Jordan-1-Retro-High-Travis-Scott/Lv2/img01.jpg?auto=format,compress&w=559&q=90&dpr=2&updated_at=1550180948","sizes":[{"size":"14","price":11595},{"size":"12.5","price":1334},{"size":"13","price":1334},{"size":"9.5","price":1330},{"size":"9","price":1314},{"size":"10.5","price":1314},{"size":"12","price":1314},{"size":"8.5","price":1276},{"size":"11","price":1276},{"size":"10","price":1268},{"size":"8","price":1264},{"size":"11.5","price":1237}],"soldAmount":"395","soldAvgPrice":"1361.00","currentResellAvgPrice":"2154.67","soldAvgProfit":"1226.46","currentResellAvgProfit":2020.13,"avgProfitCombined":"1226.46"},{"name":"Jordan 1 Retro High Pony Black White (W)","style":"CD0461-007","shoeTimeUrl":"https://thesolesupplier.co.uk/release-dates-filtered/?search_key=CD0461-007","retailPrice":"123.01","releaseDate":"2019-05-03","imageUrl":"https://stockx.imgix.net/Air-Jordan-1-Retro-High-Black-White-W.jpg?fit=fill&bg=FFFFFF&w=700&h=500&auto=format,compress&q=90&dpr=2&trim=color&updated_at=1555950733","sizes":[{"size":"11.5","price":395},{"size":"9","price":387},{"size":"10.5","price":387},{"size":"10","price":348},{"size":"11","price":347},{"size":"7","price":332},{"size":"8","price":290},{"size":"8.5","price":284},{"size":"9.5","price":263},{"size":"6","price":217},{"size":"7.5","price":209},{"size":"6.5","price":186}],"soldAmount":"4","soldAvgPrice":"242.00","currentResellAvgPrice":"303.75","soldAvgProfit":"118.99","currentResellAvgProfit":180.74,"avgProfitCombined":"118.99"},{"name":"Jordan 1 Retro High OG Defiant SB Lakers","style":"CD6578-507","shoeTimeUrl":"https://thesolesupplier.co.uk/release-dates-filtered/?search_key=CD6578-507","retailPrice":"134.54","releaseDate":"2019-05-25","imageUrl":"https://stockx.imgix.net/Air-Jordan-1-Retro-High-OG-Defiant-SB-Lakers.png?fit=fill&bg=FFFFFF&w=700&h=500&auto=format,compress&q=90&dpr=2&trim=color&updated_at=1554822367","sizes":[{"size":"11","price":1933},{"size":"11.5","price":1585},{"size":"9","price":773},{"size":"10","price":773},{"size":"8","price":754},{"size":"9.5","price":638}],"soldAmount":"7","soldAvgPrice":"433.00","currentResellAvgPrice":"1076.00","soldAvgProfit":"298.46","currentResellAvgProfit":941.46,"avgProfitCombined":"298.46"},{"name":"Jordan 1 Retro High OG Defiant SB Light Bone","style":"CD6578-006","shoeTimeUrl":"https://thesolesupplier.co.uk/release-dates-filtered/?search_key=CD6578-006","retailPrice":"134.54","releaseDate":"2019-05-25","imageUrl":"https://stockx.imgix.net/Air-Jordan-1-SB-Light-Bone-Black.jpg?fit=fill&bg=FFFFFF&w=700&h=500&auto=format,compress&q=90&dpr=2&trim=color&updated_at=1552932406","sizes":[{"size":"11","price":773},{"size":"8","price":754},{"size":"8.5","price":696},{"size":"13","price":695},{"size":"9.5","price":619},{"size":"10","price":619},{"size":"11.5","price":522},{"size":"14","price":449}],"soldAmount":"5","soldAvgPrice":"297.00","currentResellAvgPrice":"640.88","soldAvgProfit":"162.46","currentResellAvgProfit":506.34000000000003,"avgProfitCombined":"162.46"},{"name":"Jordan 1 Retro High Black Gym Red (GS)","style":"575441-061","shoeTimeUrl":"https://thesolesupplier.co.uk/release-dates-filtered/?search_key=575441-061","retailPrice":"92.25","releaseDate":"2019-06-29","imageUrl":"https://stockx.imgix.net/Air-Jordan-1-Retro-High-Black-Gym-Red-GS.png?fit=fill&bg=FFFFFF&w=700&h=500&auto=format,compress&q=90&dpr=2&trim=color&updated_at=1553962727","sizes":[{"size":"6Y","price":348}],"soldAmount":0,"soldAvgPrice":0,"currentResellAvgPrice":"348.00","soldAvgProfit":"0.00","currentResellAvgProfit":255.75,"avgProfitCombined":"255.75"},{"name":"Jordan 4 Retro Bred (2019)","style":"308497-060","shoeTimeUrl":"https://thesolesupplier.co.uk/release-dates-filtered/?search_key=308497-060","retailPrice":"153.76","releaseDate":"2019-05-04","imageUrl":"https://stockx.imgix.net/Air-Jordan-4-Retro-Black-Cement-2019-Product.jpg?fit=fill&bg=FFFFFF&w=700&h=500&auto=format,compress&q=90&dpr=2&trim=color&updated_at=1555622524","sizes":[{"size":"12.5","price":213},{"size":"12","price":211},{"size":"13","price":209},{"size":"15","price":209},{"size":"11.5","price":207},{"size":"11","price":204},{"size":"14","price":204},{"size":"10.5","price":203},{"size":"7.5","price":201},{"size":"9","price":201},{"size":"9.5","price":201},{"size":"8.5","price":200},{"size":"10","price":198},{"size":"7","price":195},{"size":"8","price":195},{"size":"16","price":191}],"soldAmount":"2533","soldAvgPrice":"211.00","currentResellAvgPrice":"202.63","soldAvgProfit":"57.24","currentResellAvgProfit":48.870000000000005,"avgProfitCombined":"57.24"},{"name":"Jordan 4 Retro Bred 2019 (TD)","style":"BQ7670-060","shoeTimeUrl":"https://thesolesupplier.co.uk/release-dates-filtered/?search_key=BQ7670-060","retailPrice":"46.13","releaseDate":"2019-05-04","imageUrl":"https://stockx.imgix.net/Air-Jordan-4-Retro-Black-Cement-2019-TD.png?fit=fill&bg=FFFFFF&w=700&h=500&auto=format,compress&q=90&dpr=2&trim=color&updated_at=1554996651","sizes":[{"size":"8","price":84},{"size":"4","price":83},{"size":"10","price":72},{"size":"5","price":71},{"size":"7","price":71},{"size":"6","price":70},{"size":"9","price":70}],"soldAmount":"10","soldAvgPrice":"80.00","currentResellAvgPrice":"74.43","soldAvgProfit":"33.87","currentResellAvgProfit":28.300000000000004,"avgProfitCombined":"33.87"},{"name":"Jordan 4 Retro Bred 2019 (PS)","style":"BQ7669-060","shoeTimeUrl":"https://thesolesupplier.co.uk/release-dates-filtered/?search_key=BQ7669-060","retailPrice":"61.50","releaseDate":"2019-05-04","imageUrl":"https://stockx.imgix.net/Air-Jordan-4-Retro-Black-Cement-2019-PS.png?fit=fill&bg=FFFFFF&w=700&h=500&auto=format,compress&q=90&dpr=2&trim=color&updated_at=1555081697","sizes":[{"size":"13","price":155},{"size":"1","price":136},{"size":"12","price":116},{"size":"2","price":101},{"size":"3","price":101},{"size":"11","price":101}],"soldAmount":"1","soldAvgPrice":"116.00","currentResellAvgPrice":"118.33","soldAvgProfit":"54.50","currentResellAvgProfit":56.83,"avgProfitCombined":"54.50"},{"name":"Jordan 7 Retro Bucks","style":"304775-053","shoeTimeUrl":"https://thesolesupplier.co.uk/release-dates-filtered/?search_key=304775-053","retailPrice":"146.07","releaseDate":"2019-06-01","imageUrl":"https://stockx.imgix.net/Air-Jordan-7-Retro-Bucks.png?fit=fill&bg=FFFFFF&w=700&h=500&auto=format,compress&q=90&dpr=2&trim=color&updated_at=1554256234","sizes":[{"size":"11","price":1005}],"soldAmount":0,"soldAvgPrice":0,"currentResellAvgPrice":"1005.00","soldAvgProfit":"0.00","currentResellAvgProfit":858.9300000000001,"avgProfitCombined":"858.93"},{"name":"Jordan 11 Retro Low Snake Rust Pink (W)","style":"AH7860-106","shoeTimeUrl":"https://thesolesupplier.co.uk/release-dates-filtered/?search_key=AH7860-106","retailPrice":"142.23","releaseDate":"2019-05-07","imageUrl":"https://stockx-assets.imgix.net/media/New-Product-Placeholder-Default.jpg?fit=fill&bg=FFFFFF&w=700&h=500&auto=format,compress&q=90&dpr=2&trim=color&updated_at=false","sizes":[{"size":"10W","price":232},{"size":"13W","price":232},{"size":"8W","price":217},{"size":"6W","price":213},{"size":"10.5W","price":213},{"size":"11W","price":213},{"size":"6.5W","price":205},{"size":"7W","price":198},{"size":"7.5W","price":198},{"size":"8.5W","price":198},{"size":"9W","price":198},{"size":"9.5W","price":198},{"size":"12W","price":198},{"size":"11.5W","price":194}],"soldAmount":"2","soldAvgPrice":"214.00","currentResellAvgPrice":"207.64","soldAvgProfit":"71.77","currentResellAvgProfit":65.41,"avgProfitCombined":"71.77"},{"name":"Jordan 11 Retro Low Snake Light Bone","style":"CD6846-002","shoeTimeUrl":"https://thesolesupplier.co.uk/release-dates-filtered/?search_key=CD6846-002","retailPrice":"142.23","releaseDate":"2019-05-18","imageUrl":"https://stockx-assets.imgix.net/media/New-Product-Placeholder-Default.jpg?fit=fill&bg=FFFFFF&w=700&h=500&auto=format,compress&q=90&dpr=2&trim=color&updated_at=false","sizes":[{"size":"9.5","price":290},{"size":"10","price":271},{"size":"11","price":221}],"soldAmount":0,"soldAvgPrice":0,"currentResellAvgPrice":"260.67","soldAvgProfit":"0.00","currentResellAvgProfit":118.44000000000003,"avgProfitCombined":"118.44"},{"name":"Jordan 12 Retro Black Metallic Gold White (W)","style":"AO6068-007","shoeTimeUrl":"https://thesolesupplier.co.uk/release-dates-filtered/?search_key=AO6068-007","retailPrice":"146.07","releaseDate":"2019-05-17","imageUrl":"https://stockx.imgix.net/Air-Jordan-12-Retro-Black-Metallic-Gold-White-W.png?fit=fill&bg=FFFFFF&w=700&h=500&auto=format,compress&q=90&dpr=2&trim=color&updated_at=1552624053","sizes":[{"size":"10.5W","price":205},{"size":"5.5W","price":201},{"size":"12W","price":198},{"size":"10W","price":194},{"size":"11W","price":193},{"size":"9.5W","price":191},{"size":"5W","price":188},{"size":"11.5W","price":183},{"size":"6W","price":174},{"size":"7W","price":174},{"size":"7.5W","price":174},{"size":"8W","price":174},{"size":"9W","price":174},{"size":"6.5W","price":171},{"size":"8.5W","price":171}],"soldAmount":"41","soldAvgPrice":"188.00","currentResellAvgPrice":"184.33","soldAvgProfit":"41.93","currentResellAvgProfit":38.26000000000002,"avgProfitCombined":"41.93"},{"name":"Jordan 13 Retro Cap and Gown","style":"414571-012","shoeTimeUrl":"https://thesolesupplier.co.uk/release-dates-filtered/?search_key=414571-012","retailPrice":"153.76","releaseDate":"2019-04-27","imageUrl":"https://stockx.imgix.net/Air-Jordan-13-Retro-Cap-and-Gown-Product.jpg?fit=fill&bg=FFFFFF&w=700&h=500&auto=format,compress&q=90&dpr=2&trim=color&updated_at=1555965677","sizes":[{"size":"17","price":248},{"size":"15","price":228},{"size":"16","price":223},{"size":"7","price":194},{"size":"14","price":193},{"size":"12.5","price":189},{"size":"11","price":183},{"size":"13","price":183},{"size":"12","price":179},{"size":"11.5","price":176},{"size":"8","price":175},{"size":"10.5","price":174},{"size":"8.5","price":171},{"size":"9","price":171},{"size":"7.5","price":167},{"size":"10","price":167},{"size":"9.5","price":166}],"soldAmount":"152","soldAvgPrice":"192.00","currentResellAvgPrice":"187.47","soldAvgProfit":"38.24","currentResellAvgProfit":33.71000000000001,"avgProfitCombined":"38.24"},{"name":"Jordan XXXIII SE Black","style":"CD9560-006","shoeTimeUrl":"https://thesolesupplier.co.uk/release-dates-filtered/?search_key=CD9560-006","retailPrice":"123.01","releaseDate":"2019-05-03","imageUrl":"https://stockx.imgix.net/Air-Jordan-XXXIII-SE-Black.png?fit=fill&bg=FFFFFF&w=700&h=500&auto=format,compress&q=90&dpr=2&trim=color&updated_at=1556047664","sizes":[{"size":"11.5","price":232}],"soldAmount":0,"soldAvgPrice":0,"currentResellAvgPrice":"232.00","soldAvgProfit":"0.00","currentResellAvgProfit":108.99,"avgProfitCombined":"108.99"},{"name":"Air Trainer 3 Medicine Ball (2019)","style":"705425-100","shoeTimeUrl":"https://thesolesupplier.co.uk/release-dates-filtered/?search_key=705425-100","retailPrice":"99.94","releaseDate":"2019-04-25","imageUrl":"https://stockx.imgix.net/Nike-Air-Trainer-3-Medicine-Ball-2019.png?fit=fill&bg=FFFFFF&w=700&h=500&auto=format,compress&q=90&dpr=2&trim=color&updated_at=1554178223","sizes":[{"size":"7","price":271},{"size":"7.5","price":271},{"size":"8","price":190},{"size":"13","price":182},{"size":"11.5","price":178},{"size":"12","price":178},{"size":"8.5","price":131},{"size":"9.5","price":131},{"size":"10","price":131},{"size":"10.5","price":131},{"size":"11","price":131},{"size":"9","price":128}],"soldAmount":"5","soldAvgPrice":"167.00","currentResellAvgPrice":"171.08","soldAvgProfit":"67.06","currentResellAvgProfit":71.14000000000001,"avgProfitCombined":"67.06"},{"name":"Nike SB Dunk Low Orange Label White","style":"CD2563-100","shoeTimeUrl":"https://thesolesupplier.co.uk/release-dates-filtered/?search_key=CD2563-100","retailPrice":"69.19","releaseDate":"2019-04-25","imageUrl":"https://stockx-assets.imgix.net/media/New-Product-Placeholder-Default.jpg?fit=fill&bg=FFFFFF&w=700&h=500&auto=format,compress&q=90&dpr=2&trim=color&updated_at=false","sizes":[{"size":"9","price":271},{"size":"10","price":155},{"size":"11","price":155},{"size":"11.5","price":155},{"size":"13","price":155},{"size":"10.5","price":154},{"size":"12","price":154},{"size":"8","price":151},{"size":"9.5","price":136}],"soldAmount":"3","soldAvgPrice":"106.00","currentResellAvgPrice":"165.11","soldAvgProfit":"36.81","currentResellAvgProfit":95.92000000000002,"avgProfitCombined":"36.81"},{"name":"Air Max Tailwind 4 White Volt Black (GS)","style":"BQ9810-100","shoeTimeUrl":"https://thesolesupplier.co.uk/release-dates-filtered/?search_key=BQ9810-100","retailPrice":"107.63","releaseDate":"2019-04-25","imageUrl":"https://stockx.imgix.net/Nike-Air-Max-Tailwind-4-White-Volt-Black-GS.png?fit=fill&bg=FFFFFF&w=700&h=500&auto=format,compress&q=90&dpr=2&trim=color&updated_at=1555700057","sizes":[{"size":"7Y","price":194},{"size":"4.5Y","price":174},{"size":"6Y","price":171}],"soldAmount":0,"soldAvgPrice":0,"currentResellAvgPrice":"179.67","soldAvgProfit":"0.00","currentResellAvgProfit":72.03999999999999,"avgProfitCombined":"72.04"},{"name":"Air Max 180 High Ambush White","style":"BV0145-100","shoeTimeUrl":"https://thesolesupplier.co.uk/release-dates-filtered/?search_key=BV0145-100","retailPrice":"153.76","releaseDate":"2019-04-26","imageUrl":"https://stockx.imgix.net/Nike-Air-Max-180-High-Ambush-White.png?fit=fill&bg=FFFFFF&w=700&h=500&auto=format,compress&q=90&dpr=2&trim=color&updated_at=1554427834","sizes":[{"size":"4","price":580},{"size":"4.5","price":579},{"size":"5.5","price":561},{"size":"13","price":542},{"size":"11.5","price":422},{"size":"12","price":410},{"size":"10.5","price":409},{"size":"11","price":409},{"size":"7.5","price":344},{"size":"8.5","price":342},{"size":"10","price":336},{"size":"5","price":310},{"size":"9","price":302},{"size":"6.5","price":301},{"size":"8","price":297},{"size":"7","price":293},{"size":"6","price":290},{"size":"9.5","price":240}],"soldAmount":"6","soldAvgPrice":"208.00","currentResellAvgPrice":"387.06","soldAvgProfit":"54.24","currentResellAvgProfit":233.3,"avgProfitCombined":"54.24"},{"name":"Air Fear of God Raid Light Bone","style":"AT8087-001","shoeTimeUrl":"https://thesolesupplier.co.uk/release-dates-filtered/?search_key=AT8087-001","retailPrice":"146.07","releaseDate":"2019-04-27","imageUrl":"https://stockx.imgix.net/Nike-Air-Fear-Of-God-Strap-Light-Bone-Product.jpg?fit=fill&bg=FFFFFF&w=700&h=500&auto=format,compress&q=90&dpr=2&trim=color&updated_at=1555966423","sizes":[{"size":"12","price":329},{"size":"8.5","price":325},{"size":"11.5","price":320},{"size":"8","price":317},{"size":"9","price":317},{"size":"9.5","price":317},{"size":"10","price":317},{"size":"10.5","price":306},{"size":"11","price":305},{"size":"7.5","price":298},{"size":"13","price":294},{"size":"7","price":293},{"size":"6","price":263},{"size":"6.5","price":263},{"size":"5.5","price":232},{"size":"5","price":224},{"size":"4.5","price":201},{"size":"4","price":194}],"soldAmount":"181","soldAvgPrice":"310.00","currentResellAvgPrice":"284.17","soldAvgProfit":"163.93","currentResellAvgProfit":138.10000000000002,"avgProfitCombined":"163.93"},{"name":"Air Fear Of God Moccasin Pure Platinum","style":"AT8086-001","shoeTimeUrl":"https://thesolesupplier.co.uk/release-dates-filtered/?search_key=AT8086-001","retailPrice":"130.69","releaseDate":"2019-04-27","imageUrl":"https://stockx.imgix.net/Nike-Air-Fear-Of-God-Moccasin-Pure-Platinum.png?fit=fill&bg=FFFFFF&w=700&h=500&auto=format,compress&q=90&dpr=2&trim=color&updated_at=1554260902","sizes":[{"size":"12","price":232},{"size":"13","price":232},{"size":"11","price":217},{"size":"5","price":213},{"size":"5.5","price":213},{"size":"6","price":213},{"size":"6.5","price":213},{"size":"7","price":213},{"size":"7.5","price":213},{"size":"8","price":213},{"size":"8.5","price":213},{"size":"9","price":213},{"size":"10.5","price":213},{"size":"9.5","price":212},{"size":"10","price":212},{"size":"11.5","price":212},{"size":"4","price":209},{"size":"4.5","price":201}],"soldAmount":"64","soldAvgPrice":"245.00","currentResellAvgPrice":"214.28","soldAvgProfit":"114.31","currentResellAvgProfit":83.59,"avgProfitCombined":"114.31"},{"name":"Air Fear Of God Moccasin Black","style":"AT8086-002","shoeTimeUrl":"https://thesolesupplier.co.uk/release-dates-filtered/?search_key=AT8086-002","retailPrice":"130.69","releaseDate":"2019-04-27","imageUrl":"https://stockx.imgix.net/Nike-Air-Fear-Of-God-Moccasin-Black.png?fit=fill&bg=FFFFFF&w=700&h=500&auto=format,compress&q=90&dpr=2&trim=color&updated_at=1554260904","sizes":[{"size":"7","price":619},{"size":"7.5","price":619},{"size":"11.5","price":619},{"size":"13","price":572},{"size":"10.5","price":460},{"size":"8","price":423},{"size":"9","price":400},{"size":"10","price":382},{"size":"12","price":348},{"size":"9.5","price":310},{"size":"8.5","price":282}],"soldAmount":"13","soldAvgPrice":"379.00","currentResellAvgPrice":"457.64","soldAvgProfit":"248.31","currentResellAvgProfit":326.95,"avgProfitCombined":"248.31"},{"name":"Air Fear Of God Raid Black","style":"AT8087-002","shoeTimeUrl":"https://thesolesupplier.co.uk/release-dates-filtered/?search_key=AT8087-002","retailPrice":"146.07","releaseDate":"2019-04-27","imageUrl":"https://stockx.imgix.net/Nike-Air-Fear-Of-God-Strap-Black.png?fit=fill&bg=FFFFFF&w=700&h=500&auto=format,compress&q=90&dpr=2&trim=color&updated_at=1554256501","sizes":[{"size":"14.5","price":77293998},{"size":"11","price":2474}],"soldAmount":0,"soldAvgPrice":0,"currentResellAvgPrice":"38648236.00","soldAvgProfit":"0.00","currentResellAvgProfit":38648089.93,"avgProfitCombined":"38648089.93"},{"name":"LeBron 16 Remix","style":"CD2451-101","shoeTimeUrl":"https://thesolesupplier.co.uk/release-dates-filtered/?search_key=CD2451-101","retailPrice":"153.76","releaseDate":"2019-04-30","imageUrl":"https://stockx.imgix.net/Nike-LeBron-16-Remix.png?fit=fill&bg=FFFFFF&w=700&h=500&auto=format,compress&q=90&dpr=2&trim=color&updated_at=1554774023","sizes":[{"size":"12","price":387},{"size":"11.5","price":348},{"size":"13","price":277},{"size":"8.5","price":271},{"size":"10","price":260},{"size":"9.5","price":171},{"size":"10.5","price":171},{"size":"11","price":163}],"soldAmount":"10","soldAvgPrice":"156.00","currentResellAvgPrice":"256.00","soldAvgProfit":"2.24","currentResellAvgProfit":102.24000000000001,"avgProfitCombined":"2.24"},{"name":"Air Force 1 Flyknit 2 White Pure Platinum","style":"AV3042-100","shoeTimeUrl":"https://thesolesupplier.co.uk/release-dates-filtered/?search_key=AV3042-100","retailPrice":"84.57","releaseDate":"2019-05-01","imageUrl":"https://stockx.imgix.net/Nike-Air-Force-1-Flyknit-2-White-Pure-Platinum.png?fit=fill&bg=FFFFFF&w=700&h=500&auto=format,compress&q=90&dpr=2&trim=color&updated_at=1555550393","sizes":[{"size":"6","price":150},{"size":"6.5","price":150},{"size":"7","price":150},{"size":"7.5","price":150},{"size":"8","price":150},{"size":"8.5","price":150},{"size":"10","price":150},{"size":"11","price":150},{"size":"11.5","price":150},{"size":"12","price":150},{"size":"12.5","price":150},{"size":"13","price":150},{"size":"14","price":150},{"size":"15","price":150},{"size":"9.5","price":149},{"size":"10.5","price":149},{"size":"9","price":115}],"soldAmount":0,"soldAvgPrice":0,"currentResellAvgPrice":"147.82","soldAvgProfit":"0.00","currentResellAvgProfit":63.25,"avgProfitCombined":"63.25"},{"name":"Air Force 1 Flyknit 2 Black Pure Platinum","style":"AV3042-001","shoeTimeUrl":"https://thesolesupplier.co.uk/release-dates-filtered/?search_key=AV3042-001","retailPrice":"84.57","releaseDate":"2019-05-01","imageUrl":"https://stockx.imgix.net/Nike-Air-Force-1-Flyknit-2-Black-Pure-Platinum.png?fit=fill&bg=FFFFFF&w=700&h=500&auto=format,compress&q=90&dpr=2&trim=color&updated_at=1555550390","sizes":[{"size":"6.5","price":170},{"size":"6","price":160},{"size":"7","price":160},{"size":"7.5","price":160},{"size":"8","price":160},{"size":"8.5","price":160},{"size":"9","price":160},{"size":"9.5","price":160},{"size":"11","price":160},{"size":"12","price":160},{"size":"13","price":160},{"size":"10","price":139}],"soldAmount":0,"soldAvgPrice":0,"currentResellAvgPrice":"159.08","soldAvgProfit":"0.00","currentResellAvgProfit":74.51000000000002,"avgProfitCombined":"74.51"},{"name":"Nike SB Dunk Low Corduroy Dusty Peach","style":"BQ6817-201","shoeTimeUrl":"https://thesolesupplier.co.uk/release-dates-filtered/?search_key=BQ6817-201","retailPrice":"69.19","releaseDate":"2019-05-10","imageUrl":"https://stockx.imgix.net/Nike-SB-Dunk-Low-Corduroy-Dusty-Peach.png?fit=fill&bg=FFFFFF&w=700&h=500&auto=format,compress&q=90&dpr=2&trim=color&updated_at=1555041917","sizes":[{"size":"9.5","price":310},{"size":"8.5","price":232},{"size":"14","price":155},{"size":"5.5","price":151},{"size":"15","price":136},{"size":"7","price":131},{"size":"9","price":128},{"size":"11.5","price":128},{"size":"4","price":124},{"size":"12","price":123},{"size":"13","price":120},{"size":"7.5","price":116},{"size":"8","price":116},{"size":"10","price":116},{"size":"11","price":115},{"size":"10.5","price":109}],"soldAmount":"93","soldAvgPrice":"111.00","currentResellAvgPrice":"144.38","soldAvgProfit":"41.81","currentResellAvgProfit":75.19,"avgProfitCombined":"41.81"},{"name":"Kyrie 5 Friends","style":"AQ2456-006/AO2918-006","shoeTimeUrl":"https://thesolesupplier.co.uk/release-dates-filtered/?search_key=AQ2456-006/AO2918-006","retailPrice":"99.94","releaseDate":"2019-05-16","imageUrl":"https://stockx.imgix.net/Nike-Kyrie-5-Friends.png?fit=fill&bg=FFFFFF&w=700&h=500&auto=format,compress&q=90&dpr=2&trim=color&updated_at=1554479519","sizes":[{"size":"13","price":222},{"size":"9.5","price":193},{"size":"8","price":189},{"size":"11","price":186},{"size":"8.5","price":174},{"size":"9","price":174},{"size":"10","price":169},{"size":"12","price":155},{"size":"10.5","price":141}],"soldAmount":"32","soldAvgPrice":"145.00","currentResellAvgPrice":"178.11","soldAvgProfit":"45.06","currentResellAvgProfit":78.17000000000002,"avgProfitCombined":"45.06"}]